{
  "backend": "vllm",
  "model": "finqa-toolcall-qwen25-7b",
  "num_requests": 200,
  "ok_requests": 200,
  "concurrency": 8,
  "elapsed_sec": 11.983409570530057,
  "requests_per_sec": 16.689740830676914,
  "output_tokens_per_sec": 623.0280252091692,
  "latency_p50_sec": 0.43952338211238384,
  "latency_p95_sec": 0.6245273649692535,
  "latency_mean_sec": 0.46757330565713345
}