{
  "backend": "vllm",
  "model": "finqa-toolcall-qwen25-7b",
  "num_requests": 200,
  "ok_requests": 200,
  "concurrency": 4,
  "elapsed_sec": 22.558606849983335,
  "requests_per_sec": 8.865795717351569,
  "output_tokens_per_sec": 333.57556386535276,
  "latency_p50_sec": 0.41588491201400757,
  "latency_p95_sec": 0.5953735243529081,
  "latency_mean_sec": 0.44659172723069784
}