{
  "backend": "vllm",
  "model": "finqa-toolcall-qwen25-7b",
  "num_requests": 200,
  "ok_requests": 200,
  "concurrency": 16,
  "elapsed_sec": 18.77286658063531,
  "requests_per_sec": 10.653673968274248,
  "output_tokens_per_sec": 400.2585309880635,
  "latency_p50_sec": 1.3703658320009708,
  "latency_p95_sec": 2.6219361815601587,
  "latency_mean_sec": 1.4753377527743579
}